,리뷰어,리뷰 날짜,리뷰 텍스트
0,0_** ,22.03.14,"고고싱 옷은 늘 가격대비 퀄리티가 좋다고 생각합니다, 자켓도 생각보다 퀄리티있었습니다 다만 옷 상태가 그래도 돈주고 산건데..먼지 투성이에 새상품 아닌 중고장에서 주워온것같은 상태로 배송이 와서 쇼핑한 기분은 안났습니다, 배송 과정에서 옷이 구겨진 정도가 아니라 재고관리 상태가 너무도 나빠서 불편했습니다..처음으로 쇼핑하고 실망했네요"
1,le** ,23.11.03,키가 작다보니 큰 자켓은 싫어서 고민을 많이 했어요. 이 제품은 제가 본 자켓중에서도 작은 편인데 가격까지 너무 착해서 믿어도 되나 싶었어요. 입어봤는데 전체적으로 작아서(특히 팔) 안에 두꺼운 옷은 못 입겠더라구요. 그래도 저는 대만족이에요! 핏 괜찮은 검정색 자켓 가져서 좋습니다. 다만 어깨패드는 빼야할 것 같네요ㅠㅠ
2,jj** ,23.09.13,"허리라인이 있는지 몰랐는데 살짝 허리라인이 있어서 오버핏, 캐쥬얼보다 약간 정장같은 느낌이 있어요. 그래서 쫌 아쉽기는한데 그래도 가격대비 만족해요^^"
3,br** ,22.05.16,"요즘 자켓이 사고싶어져서 여기저기 찾아봤는데 , 체구가 작다보니 입으면 죄다 아빠양복 자켓 크기라 고민하고 있었는데 역시 고고싱 👍🏻 평소에 이 사이트가 저랑 맞는게 많아 자주 시키는데 , 이번에도 배송도 하루만에 오고 !! 그리고 제 체구에 맞는옷이 진짜 잘 없는데 여기 xs사이즈는 저랑 총장이 딱 맞더라구요 .. !! 두께도 그렇게 많이 안두껍고 ㅎㅎ 그래서 진짜 여러가지로 넘 좋았다는 :) 그런데 팔길이는 조금 길어서 수선하고 , 어깨뽕도 계속 입다보면 조금 부담스러울거같아서 제거를 했는데 , 제거 하고 입는게 훨 낫네요 ㅋㅋ 입으실분들 , 제거하고 입으시는거 추천합니당 !!  ( 길이랑 이런건 사진 참고하시면 될것같아요 . 그런데 옷 가격이 19000원인데 수선비가 15000원 든건 안비밀 .. ) 
아 그리고 단점은 .. 그 팔을 안올렸을땐 괜찮은데 , 올렸을땐 가오리 마냥 삼각형 되는거랑 .. 다른분 후기에도 많이 있던데 뒤에 펭귄꼬리 처럼 되는 .. 그런 삼각형 가오리 핏이 나온다는게 단점인것같네용 .. 
-그리고 많이 구겨져서 온다고 다른후기에 있는걸 봤는데 , 제껀 다행히 그렇게 많이 주름이 져서 오진 않았어요 ( 타 사이트에서 이거보다 더 많이 구겨져서 온걸 봐서 .. ㅋㅋ ) 
암튼 체격 작으신 분들이 입기에 사이즈나 전체적인 핏은 괜찮은거같아요 X ) 추천합니당 !!
( 사고나서 후기 쓰려고 들어가보니 며칠사이에 500원 세일하네요 .. ㅎ  차피 이번주에 사면 더워서 거의 입지도 못할테니 .. 그리고 500원 차이니까요 뭐 ㅎㅎ )
이거저거 적다보니 후기가 길어졌네요 ㅠㅠ .. 제 글이 미약하게나마 도움이 되셨음 좋겠습니다 :)"
4,es** ,22.04.21,솔직히 재질이 좋다곤 얘기 못하겠지만 이만한 가격에 이런 자켓 구하기는 힘들듯.. 안에 두꺼운 옷 입어도 넉넉할것같아서 좋아요 세모로 떨어지는 끝부분 핏은 쪼끔 아쉬운데 팔 안벌릴땐 또 상관없어짐
5,do** ,23.10.08,"기본 검은 블레이저가 활용도가 좋아서 사고싶어서 이 기회에 구매했습니다!
솔직한 후기는요,
키150 몸무게 40한테 큰 오버핏이어서
캐주얼하게 입기에는 길이가 괜찮고, 저는 쪼금 길이를 줄이려고합니다.
그리고, 정말 얇습니다. 몸을 돌렸을 때 자켓이 가벼워보이는 티가 나서, 주머니에 얇고 네모난 물체를 넣어서 각을 잡았습니다..ㅎ 넣었더니 너무 괜찮아서 진짜로 만족합니다!
그리고 구김이 가지만, 검은색이어서 자세히 봐야 티나긴 합니다.
ㅎㅎ 잘 입겠습니답"
6,bg** ,23.10.06,"와... 이 가격에 이 퀄리티 맞아요?
진짜 얇을 것 같고 별 기대 안 했는데 생각보다 퀄리티가 너무 좋아요!!!!
실밥 삐져나온 것도 하나 없고 진짜 다 완벽해요
길이도 160 기준 엉덩이 바로 밑! 딱 좋아용
그리고 얇지도 않아서 가을에 입기 딱 좋아요!!!!
다만 목부분 카라 구김이 좀 있어서 아쉽긴 한데 진짜 좋네요. 살까 말까 고민 겁나 했는데 바로 사세요 진짜!!!"
7,yh** ,21.09.26,"재질도 엄청 탄탄하고 요즘같은 일교차 큰 날씨에 입기 딱 좋아요 키168인데 엉덩이 반정도 가려집니다! 소매는 팔이 긴분들은 좀 짧다고 느껴지실 거 같아요! 
저는 딱 괜찮았습니당!! 입었을때 부해보이지도 않고 딱 좋았어용"
8,da** ,23.10.02,정장을 입는 타입은 아닌데 나이를 먹으면서 단정한 자켓이 꼭 필요해져서 구매 하게 됐어요 블랙 불레이저는 워낙 무난템이다보니 요기서 살지 저기서 살지 엄청 고민 했는데 사길 잘 했다고 생각 중이에요! 퀄리티가 괜찮아요
9,rn** ,23.11.01,급하게 필요해서 산 자켓인데 키 156 기준 엉덩이 살짝 가려요 입었을때 단정하고 깔끔해 보이구요!! 손등은 살짝 가리는게 조금 커보이긴 하는데 오버핏 다른 자켓들보단 제 체구에 훨 나아요ㅠ 추천합니다~
10,da** ,23.08.08,딱 원하던 색깔이에요! 너무 밝은 회색은 원하지 않았는데 짙은 검정에 가까운 차콜이라 좋았습니다! 기장도 좋고 품도 여유롭게 잘 맞아요. 포장상태도 좋았는데 처음에 냄새가 너무 역해서 좀 빠지길 기다려야 할 것 같네요. 그래도 마감처리 좋고 가격대비 좋아보여서 오래 입겠어요 굿굿
11,al** ,23.04.16,기본 검정 블레이저가 없어서 구매해봤습니다 길이는 엉덩이 덮는 기장감이고 팔은 딱 떨어지는 것 같아요 어깨라인 잡아줘서 이쁘고요 와이드하게 입을때 더 잘 어울리는 것 같아요! 아주 만족 중 입니당 손이 자주가요
12,mi** ,23.04.02,"어깨가 직각이고 넓은 편이라 너무 오버핏이면 어깨가 태평양같을 것 같고, 또 너무 딱 맞으면 너무 차려입은 느낌이 날 것 같아서 약간 오버핏인 자켓을 찾고 있었는데요! 딱 이 자켓이 그런 느낌인 것 같아요

약간 오버핏이라 어디에든 휘뚜루마뚜루 잘 입을 수 있고, 어깨가 엄청 넓어보이지 않아서 저처럼 어깨가 좀 있으신 분들도 부담없이 입으실 수 있을 것 같아요

근데 날씨가 갑자기 더워져서 저녁에나 입어야될 것 같아요
더 더워지기 전에 얼른 실컷 입어야겠어요

아 글고 요즘 너무 잘 먹어서 54키로까지 쪘는데욥! 저는 보통 팔뚝과 허벅지에 살이 붙는 편인데도 이 자켓 입으면 하나도 살 안쪄보여요 헤헿"
13,iu** ,23.11.01,"키 작고 마른 체형인 분들은 이 자켓이 짱입니다… 당장 사세요… 몇년 전부터 살짝 오버핏인 자켓 사고싶어서 여기저기 사봤는데 아빠정장 빌려입은 것마냥 어깨나 품이 다 커서 반품만 5-6벌 했었는데 요걸로 정착했습니다…  어깨도 살짝 보완하는 정도고 카라도 너무 크거나 작지도 않은 사이즈여서 캐주얼과 정장 다 괜찮아요! 기본적이지만 요즘은 해주면 고마운…소매 버튼도 진짜고 뒷부분 갈라진 것도 살짝 뜨긴 하지만 괜찮은 정도에요. 색상은 회색 골랐는데 딱 예쁜 회색인 것 같슴다! 추천추천,,
아 얆기는 딱 가을자켓이에요! "
14,sh** ,23.10.26,"울산사는데 배송빨랐어요.162에 55고 s로 주문했습니다
핏은 원하던 정사이즈 핏이고 소매가 손목끝부분까지 오더라구요.조금더 긴게 좋았지만...그래도 기장은 엉덩이 절반은 덮었고 안감색을 겉과 맞춰준거 좋았습니다.무엇보다 배송상태 좋았어요.옷걸이에 걸어주시고 세탁소처럼 비닐에 감싸주시기까지bbb "
15,ch** ,22.05.02,"다른 라인의 자켓을 사고 가격이 좀 더 싸지만 비슷하고 색이 이쪽이 더 마음에 들어서 샀는데 싸서 그런지 밝은색이라 그런지 싼티가 좀 나요ㅠㅜ 탄탄하지 못해서 반듯한 느낌이 없어요. 그리고 색상이 실제로 보는거랑 좀 달라서 몇번을 확인했어요, 제가 크림베이지로 잘못시킨줄 알고 ㅎㅎㅎ 그래도 나쁜건 아니라서 잘 입고 다닙니다 ^^ 2번째는 다른거랑 색상 비교해보시라고 올려요. 뒤에 깔린게 링클프리셔츠 연베이지입니다."
16,kh** ,23.03.23,"무난한 자켓으로는 진짜 대박적 아이템입니다
목이 짧고 가슴이 커서 자켓 셔츠류가 정말 안 어울리는 사람인데 이건 찰떡같이 잘 받아요 캐주얼하게 흰 티에 청바지 입어도 되고 안에 원피스 입어도 예쁠 듯 합니다 자켓= 로렌하이임 저같이 목 짧은 여성들은 어야어야 드루와"
17,w5** ,23.09.27,리뷰보고 사는편입니다   오버핏은 싫고  어깨는 맞으며 약간 낙낙한 핏을 원했는데 딱 괜찮구요   어깨는 약간 큽니다    길이가 가장 맘에 들고 두께도 지금 부터 늦가을까지 입기에 좋을것 같아요
18,kk** ,22.04.23,"일단 4.21일 밤늦게 주문해서 4.23일 낮에 받았습니다.
퀄리티는 가격값..합니다. 네.
핏도 정사이즈 핏이구요. 리뷰보다는 실밥상태 좋았습니다. 구김도 조금?있었고 냄새는 아무냄새도 안났습니다.
아쉬웠던건 색..제가 갤럭시 기종에 블루라이트 차단하고 보긴했는데 실물은 검정색을 좀더 넣은듯한 색이에요. 사이트사진보다 쪼끔 어둡습니다."
19,hw** ,22.04.15,"색은 화면과 비슷하구요!다만 등쪽이 타이트한
느낌이 있어요 ㅠㅠ그래서 단추 채운것보단 푼게
예쁘더라구요.그리고 생각보다 얇지않아서 지금 입기 딱 좋습니다.구김이 잘 생길 수 있어서 조심해야할것같아용 그래도 가격대비 만족합니다~"
20,so** ,22.09.18,날씨가 갑자기 더워져서 거의 입지 못하고 들고만 있었지만 그래도 핏은 원하던 핏이여서 그냥 저냥 만족합니다~ 그리고  원하던 재질이 아니긴 했지만 핏도 핏이고  급하기도 했고 그래서 그냥 입으려구요~~
21,s1** ,22.05.06,상체에 살집이 조금 있는 체형이라 핏이 예쁘게 떨어지지 않을까 조금의 걱정이 있었는데 생각했던것보다 훨씬 낙낙한 핏이고 어디에나 믹스매치해도 잘 어울리는 깔끔한 디자인이라 완전 만족스러워요 ! 두께감이 얇은 편이라 완연한 여름과 겨울 아니면 어느 계절에 착용해도 괜찮은 소재예요 다만 먼지가 잘 붙는 소재라 그 점은 조금 아쉬워요🥺 그렇지만 이 가격에 이 퀄리티라 단점 충분히 보완 가능!! 예쁘게 잘 입을게요 💨😍
22,ye** ,22.04.19,생각한 것보다 사이즈가 더 큰 것 같아서 놀랐어요. 근데 그 덕에 핏이 더 예쁜 것 같기도 하네요. 아쉬운 건 가슴쪽에 있는 관상용 주머니(?) 마감이랑 전체적으로 먼지가 붙기 쉬운 재질?이라고 해야 할까 잘 관리해야 할 것 같아요. 근데 이 가격에 이 정도면 아주 만족스럽습니다.
23,dm** ,21.11.02,이번에 데쥬에서 산 것 중에 가장 마음에 들어요! 우선 핏이 예쁘고 질도 괜찮아요. 다른 곳에서 2배정도 가격의 옷을 샀었는데 더 두껍고 질이 좋은 편이긴 했지만 핏이 너무 안예뻐서 반품했었어요. 통통한 분들은 이거 입니다! 남여공용이래서 너무 커서 부해보이지 않을까했는데 그냥 딱 맞아요. 길이도 너무 길지도 않고 안에 좀 따뜻하게 입으면 가을까지는 입을 수 있을 것 같고 마감도 좋아요.
24,kj** ,21.08.12,"어깨패드 있는듯 없는듯 하고
전체적으로 가격에 비해 만족하는 핏,디자인인거같아요
아쉬운건 어깨가 좀 더 탄탄했으면 하거나 소매부분이 저렇게 브이자로 마감된거나 가슴부분에 비스듬하게 박음질된게 아쉬워용
그래도 싼가격에 이정도면 선방한듯?"
25,lj** ,23.09.29,"키 173 기준 엉덩이 다 덮습니다! 적당히 오버한 블레이저를 찾았는데 넘 만족햐요 ,, 작지도 크지도 않고 딱 적당한 사이즈예요! 제 스타일에 안 어울릴까봐 한참 고민하다가 구매한건데 생각보다 휘뚤일거 같아요 ㅎㅎ 
근데 넘 주름이 심한 상태로 배송이 와요 .. 후기 보고 얼마나 심하겠나 했는데 정말 심합니다 ㅎ 스팀다리미로 열심히 다렸는데도 덜 다려져서 다리미로 또 다림 그리고 카라 뒷목 부분이 되게 두툼? 하고 자기주장이 심합니다 살짝 웃겨요 그치만 이 가격에 이 정도면 가성비 굿인거 같슴니다 배송도 직진배송이라 하루만에 왔어요 ദി ◠.◠) "
26,mc** ,22.10.18,"배송 온 당일 겉만 보고 괜찮아서 택 떼고 걸어뒀다가 다림질 하면서 발견했는데ㅎ.. 팔 안감이 다 뜯어져서 좀 심각해보이길래 문의남겼더니 뭐 아무것도 안된다구 하네용 핳ㅎ
모두 안감 잘 확인하고 택 제거하세요 ㅎ…
그리고 은근 얇아요~~!"
27,le** ,22.09.07,"보이는 후기만 보고 사이즈표도 얼추 오버핏이길래 구매했습니다!
막 아빠핏이라는 평이 많아서 난 오버핏 나오면 대성공인거다~하고 구매했어요 ㅋヲ
받고 착용해보니 아하!...😳
너무 슬림핏 느낌이길래 뭐지?̊̈ 상품명 다시 보고 후기 다시 보는데 이제야 보이는 다 마른자들..😱
저는 169/82인 슈퍼뚱땡이인데 간과했죠 ㅎㅎ
/""@¥\+!(대충 험한말)
저랑 비슷한 스펙들 보니까 다 핏된다 오버핏 아니다 등
그렇구낭 ㅎㅎㅎㅎ 
근데 질 괜찮고 3만원대에 구매한거치곤 박음질도 좋고 
두께도 생각보다 두꺼워서 겨울에 코트 안에 입으면 딱일거 같아요
이리저리 입어보고 구매확정했어요~
구매하시려는 분들! 스펙 잘 확인하세요!​  !̤̫ !̤̻
옷 상세사이즈보다 비슷한 스펙분들 후기가 더 정확한거 같아요 이거는"
28,pn** ,21.10.19,"가격대비 퀄 좋아용!!!
근데 제가 키가작아서 그런지 좀 크긴커요 코디 잘해서 입으면 스타일리쉬해보이는데 그렇지못하면 아빠옷걸친느낌 ㅠㅠ 그래도 전 너무만족하고 잘 입고다니고있어요 이쁜옷감사해요!!!"
29,oe** ,21.08.28,"가격 대비 굿
핏은 오버핏 수준이 아니고 아빠핏ㅇㅇㅇ
추워해서 아부지가 겉 옷 벗어 준 거 같아 보이는 면이 있음
그래서 입을랑말랑 하게 걸쳐 입어야 함
아직은 더워서 들고 다녔는데 만족

가격대비 질이 좋음
처음 입을 때 정리 안된 실 많으니 열심히 찾아 잘라주고, 구겨진 거 슥 다려주면 아주 고퀄이 됨

무튼 가격이 착해서 만족"
30,s2** ,22.10.02,"입었을 때 핏이 예뻐요 ♡ 

작은 실밥은 정돈하면 될거같구 
옷 안쪽의 약간의 구겨짐도 
입을 때 문제없어서 바로 입고나갔어요 ~ 

팔을 들면 불편해서 그 점이 약간 아쉽지만 
그래도 그것 빼고는 생각한 대로의 
색감에 핏이 예뻐서 소장했어요 ♡ 

잘 입어보도록 할게요 ~ 예쁜 옷 감사합니다 ♡"
31,qs** ,22.04.21,"크롭을 살까 스탠다드를 살까 고민했는데 크롭을 샀으면 좀 짧았다고 생각할정도로 스탠다드가 딱 핏을 잡아줘요
팔길이도 적당하고 원단도 각이 잡혀있어서 지금 딱 입기 좋아요.
다만 이런 디테일들은 좀 아쉽네요."
32,dh** ,22.04.17,요즘 다 길게 나오는 자켓이 대부분인데 키가 작아서 정사이즈 자켓이 있으면 좋겠다는 생각에 찾았어요! 길이랑 품이 적당해서 아주 좋아요! 몸통?부분은 좀 큰 감이 있지만 그래도 이정도는 괜찮은 것 같아요. 근데 배송 받았을 때부터 몸통부분에 점박이?처럼 뭔가 찍혀있는 느낌이 들었는데 다림질해도 소용이 없더라구요. 그리구 빳빳한 느낌의 소재라 그런지 카라 부분이 접힌채로 고정이 잘 안돼서 마찬가지로 다림질했는데도 잘 해결이 안되더라구요. 교환하기 귀찮아서 그냥 입긴해요...
33,ka** ,22.04.17,"옷은 딱 생각한 그대로입니다~ 키가 좀 작고 아담한 체구이신 분들은 호불호 없이 다 잘 맞을것 같아요~!
엄청 오버핏은 아닙니다! 어깨뽕 과하지않아요
살짝 라인 들어가 있습니다~ 롱스커트, 바지에 다 잘 어울려서 좋아요☺️ 다만 한가지 아쉬운점은 뒤에 엉덩이 부분이 입으면 좀 떠요..(전반적으로 고급스러워 보이는 느낌은 아니고 휘뚜루마뚜루 입는 느낌입니다~)"
34,hy** ,22.04.16,"기본적인 자켓 사고싶었는데 만족합니다!
두께가 생각했던 것 보다 두꺼워서 좀만 더 지나면 못입을 것같아요! 진짜 봄 가을?에 엄청 춥지도 덥지도 않은 적당한 날씨에 좋을 듯해요
기장은 엉덩이 안 덮고 엄청 짧지도 않아요 적당!"
35,le** ,23.03.18,"색감이 회갈색 느낌에 아이브로우 색상에서
찾아볼 수 있는 색상이라 뭐라 설명드리기
어렵지만 사진에 나온대로 여기저기 돌아다닐 때마다
햇빛, 조명에 따라 색감도 많이 바뀌더라구요 😓

그래도 무난하게 입고 다니기 좋았고 무엇보다
시크하면서도 따순느낌을 줘서 귀엽게 입기에도,
도도하게 입기에도 좋을 거 같았어요!

남자친구 보러 가는 날 급하게 주문했는데
구김도 적었고 냄새 제로, 찰랑이는 재질이에요!
잘 구겨지는 재질은 아닌거같고 생각보다는 도톰했어요!"
36,ru** ,23.10.12,"(수정 : 여러분, 옷 마감 확인 제대로 하세요ㅠ 전 손목 부분 박음질 엉망입니다ㅠㅠㅠ 길이도 안 밎아요ㅠ)
배송 빨랐습니다. 옷 퀄리티 나쁘지 않습니다.
얇지 않고 조금 두깨감이 있어서 가볍지는 않아요.
핏도 괜찮고, 소재가 몸에 닿는 느낌도 괜찮아요.
다만, 처음 오픈했을 때
실밥 + 얇은 실 뭉치? 뭐 다양하게 붙어 있었고, 소매 쪽 박음질? 마감이 제대로 안 되어 있어서 보이는 내부 실 색상이 막 노랑, 파랑이었나…박음질 실 색상이 화려해서 놀랐어요!


마감 부분만 제외하면 옷은 만족합니다! "
37,nl** ,23.10.07,"저번에 자켓 두가지 샀었는데 너무 잘입고다녀서 직진배송으로 시켰어요. 이전 꺼랑 디자인이 바뀐건지 직진배송만 다른건지 모르겠으나 손목쪽 디자인이 약간 다르고 만졌을때 재질이 약간 다른 느낌이 들어요. 두께는 유의미한차이는 아니고 0.01~2정도 두꺼운느낌? 제가 169인데 딱 핏한 느낌도 아니고 그렇다고 퍼지는 느낌도 아니고 딱중간 기본 핏에 편해서 너무 좋아요.  마르신분들은 약간~크다고 느끼실수도 있을것 같네요. 길이도 엉덩이 반쯤 덮어서 그것도 맴에 듬. 
캐주얼틱한 자켓이라 캐주얼에 입기도, 정장처럼 차려입기도 좋아서 진짜 추천합니다. 봄,가을 뽕뽑고 입고다닐수있어요ㅋ"
38,rh** ,23.10.06,"길이도 품도 넉넉해요!! 저는 어깨가 있는 55사이즈인데 작은 걸 할까하다가 리뷰보고 안에 조금 두꺼운 옷 입으려면 큰거 해도 되겠다 싶어서 넉넉한 사이즈로 선택했어요! s사이즈 했으면 어깨 딱 맞는 길이는 좀 긴 자켓이 되었을 것 같아요 그것도 예쁠 것 같지만 고민 많이 하다가 오버핏이 없어서 M으로 선택했어요 :) 
어깨가 깡패처럼 더 넓어보이긴 하지만 😅 그래도 오버핏인만큼 그 느낌대로 입어보려구요 
170에 팔이 긴편인데 기장은 잘 맞아요!"
39,ls** ,23.10.03,"색상은 화면과 동일한데 리뷰처럼 실밥이 엄청 많았고 생각보다 팔소매 박음질이 단단하지 않아서 제가 대충 양쪽 소매 박음질 한번더 해서 입었어요 
163/60 기준 s로 잘못 시켰는데 ㅋㅋ 딱 맞아서 그대로 입고 있습니다ㅋㅋ 그래도 살더 빼서 오버핏으로 입을래요! "
40,bn** ,22.04.12,"<장점에도 단점에도 안들어가는...>
1. 색감차이가.. 많이나요 사진보고 그레이 위주의 먼지먹은 카키색일 줄 알았는데 엄청!!! 초록빛 돌아요 카키 90 그레이 10의 물빠진 야상색? 올영같은 특정 조명에서 보면 그나마 상세컷이랑 비슷한 색감이 나와요 그레이쉬한 브라운카키 아닙니다,, 저는 오히려 좋아가 됐지만 쇼핑몰 색감 생각하고 구매하시면 실망하실듯해요 두번째와 세번째 사진 사이의 색감입니다
2. 카라가 목 위로 꽤 올라와요 하프넥이랑 비슷한 높이로 올라오기 때문에 목이 짧으신 분들께는 비추입니다
3. 얇아서 지금 입기 딱!!! 좋아요 

<장점>
1. 핏이 좋아요 어깨선이 딱 잡혀있어서 깔끔합니다 기장도 딱 골반쯤에서 끊기는 예쁜 기장이라 다리가 길어보여요
2. 품이 여유로워요 팔뚝살 있는 80c인데 팔통 가슴 모두 여유롭고 낀다는 느낌이 안들어요
3. 등쪽에 안감 여유분 있어서 활동성을 고려한 것도 좋아요
4. 옷걸이 걸어서 비닐포장해서 박스에 담겨옵니다

<단점>
1. 천이 좋은 원단은 아니라 받았을때부터 살짝 핀듯한 천이에요 디자인은 마음에 드는데 입다보면 금방 후줄근해질듯해요 어떤분 후기처럼 가격이랑 퀄리티를 같이 올렸으면 좋았을듯한 아쉬움이 남습니다ㅠㅠ
2. 품이 커서 좋긴 한데 너무 커요 옆에서 보면 퍼져서 종모양 같아보여요 품이 좀 잡혀있으면 훨씬 예뻤을 것 같아요(옆모습 사진은 밝기조절 했습니다)
3. 한번 입고 운전하고 장보기 정도만했는데 팔에 접힌 자국 났어요 얇아서 그런가,,,, 주름에 주의하셔야할듯..?
4. 주머니가 없어요"
41,kk** ,22.03.28,크롭 기장이구 얇아요 !! 날씨 15~20도쯤 입어야 좋을거같아요 색감은 생각했던거보다 조금 어두워서 반품할까했는대 그냥 입어요ㅠ 청바지보다는 검정바지랑 더 잘어울려요 약간 세로줄 결이 보이는 재질이예요
42,en** ,23.04.27,살까말까하다 샀는데 잘샀어요 실물이 훨씬 예뻐요 얇고 가벼워서 쓱 걸치기 좋겠더라구요 갑자기 쌀쌀해져서 못입었는데 여름까지 가능할 것 같아요 걱정 많이했는데 입어보면 훨씬 낫습니다 너무 이뻐요
43,xi** ,23.09.17,무난하고 예뻐요! 어떤 옷에든 잘 어울릴 것 같아요. 놀러갈 때도 출근할 때도 잘 활용할 수 있을듯하네요. 생각보다 얇은 느낌이긴한데 이보다 두꺼우면 이 핏 안나올 것 같아요.. 만족합니다!
44,hj** ,23.09.17,빳빳한 소재일 줄 알았는데 부드러운 소재여서 오히려 좋아!키도 몸집도 작아서 핏 되는 옷 특히 외투 찾기가 쉽지 않은데 남의 옷 얹은 것 같이 않고 내 옷 같아서 첫 번째 만족스러웠습니다. 색감도 사진 그대로 시크해서 두 번째 만족했어요. 짧은 가을 놓치지 않고 요 자켓이랑 잘 보낼게요 :)
45,dn** ,23.08.24,"블루 색상이 마음에 들어서 내추럴도 구매했습니다!
블루는 m이었고 내추럴은 s샀는데,
m은 널널했고 s가 확실히 타이트한 느낌은 있더라구요~
그런데 단추 부분이 꼼꼼하지는 않은 것 같아서 살짝 아쉬워요!
그래서 1개정도 여분의 단추가 옷 안에 달려있으면 어떨까 싶습니다 :)"
46,sh** ,21.06.30,"프링 린넨 반팔 숏자켓 vs  베이트 린넨 하운드 체크 반팔 자켓

두 개 엄청 고민하다가 너무 예뻐서 두 개다 사벌였습니다..ㅎ
저 같은 사람있을까봐 비교하면서 쓰것슴돠
편의상 프링 리넨 반팔 숏자켓은 ➡️프링
베이트 린넨 하운드 체크 반팔자켓은 ➡️ 체크 로 부르것슴다

🌝재질 및 두깨감🌝
프링이 훨씬 두껍습니다. 만지면 탄탄한 소재인 것이 느껴져요. 한여름 무리무리~ 체크는 그나마 좀 가볍고요. 주름이 프링보다는 안지는 재질입니다. 레이온/폴리가 섞여서 그런 것 같아요~ 그래서 체크가 더 찰랑찰랑~ 하는 느낌이고 프링은 탄탄!

🌝전체적인 핏(feat.어깨뽕)🌝
프링이 제가 입을 때 뭔가 더 옷의 너비가 크게 느껴졌어요. 어깨뽕도 체크보다 더 두껍네요. 
프링은 소재탄탄+어깨뽕두꺼움+옷 자체에 너비가 넓어서 체크보다는 좀 부해보일 수 있겠다는 생각이 드네요. 게다가 제가 프링 내추럴 밝은색으로 사서 더더욱 그래보이나봐요. 전 왜소한 편인데도 입었을 때 '오..🤔?'이런느낌이였습니다. 체크도 어깨뽕 있긴하지만 저한테는 딱 좋은 어깨뽕이였고 그래서 그런지 핏도 좀더 저한테 맞는너낌?

🌝기타🌝
개인적으로 디테일은 프링이 더 좋았고 핏은 체크가 좋았어요. 그리고 두개 다 어깨뽕이 있는 상품이여서 숄더백을 어깨에 멜 때  좀 불편하겠더라구요..ㅎㅎ^^ 그래도 뭐 이쁩니당"
47,es** ,21.05.27,"색, 퀄리티 너무좋아요
어깡 얘기많이하시는데 저는 이미 모태 어깨깡패라서
아주 딱맞네요 예예 사이즈 굿입니다
살좀빼소 박시하게 입으면 좋을거가타영 ~~~><
너모예뽀요 두껍긴한데 그래서 더 고급져보입니다 >< 진짜 잘샀네요 이거 ~~~~"
48,rh** ,21.09.08,"자켓이지만 나시에 단추 잠그고 입을 옷을 찾다가 인기 제일 많은 상품으로 뜨길래 포토후기를 거의 다 읽어보고 구매했습니다!
제가 통통한 편인데요 그럼에도 불구하고 넉넉한 품과 큰 어깨는 후기를 읽어보고 s사이즈를 구매하기 잘했다고 생각했습니다!
저는 어깨에 패드를 제거해서 입고있습니다~
그리고 디자인, 핏 모두 사진이랑 동일합니다
재질은 린넨인데 탄탄해서 한여름에는 못입고 지금 딱 입기 좋습니다~
엄마가 사진으로 보실때는 음 그냥 그런데 라고 하셨다가 실제 옷 입은거 보시고는 깔끔하다, 이쁘다, 무난하다, 언제입어도 괜찮을것 같다고 하셨습니다
너무 만족스럽습니다

구매하기 고민되시는분들은 다른분들 후기 꼭 참고하시는걸 권해드립니다~"
49,yy** ,21.06.02,너무너무 맘에 들어요~!! 그래서 색상별로 구매하고 다른상품도 오늘 추가 구매햇습니다! 약간 크게 입는게 좋아서 크게 주문햇는데 만족합니다! 어깨깡패된다던데 저는 잘몰겟어요 ㅠㅠ 오히려 적당히 슬림해 보이는 효과를 주는것 같아용!!!
50,go** ,23.10.09,"슬앤자켓 오랜만에 구매했어요
크롭기장이라 다리가 길어보이고 캐주얼하게 입어도 잘 어울리는거같아요
예전에 제작자켓 구매했을 때 소매 걷었을때 지저분한게 별로였는데 이건 깔끔해서 좋아요.
겉주머니는 없지만 이너포켓 있어서 편하고, 자켓 소재는 매끈한 폴리가 아니라 결이 보이는 탄탄한 면느낌입니다 !"
51,ab** ,23.10.04,"봄가을용으로 나온것같은 두께예요! 여름에 입기엔 더워요
요즘처럼 겉옷 입기 좋은 날씨에 걸치면 좋아요
특히나 예식 장례식 또는 격식있는 자리에 입기 가장 무난하고 좋은 기본템이라 오래오래 입을거같아요!!"
52,03** ,22.10.22,"키 157cm. 몸무게 57kg입니다.
키가 작아 숏자켓이 있으면 좋겠다 했는데 잘 샀어요!
자켓이 두루두루 사용도가 너무 좋아요!! 여기저기 잘 어울려!
이번주초에 받고 토욜까지 매일 입은 듯...♡

슬로우앤드에서 같이 산 모션인생수트스커트 그레이지랑 색은 좀 다르지만 같이 입으면 잘 어울려요! 거기에 해브브이넥소프트니트티 스카이민트색 바쳐 입고 롱부츠 신으니 찰떡이구요. 
회색니트티나 미니멀무드피그먼트단작셔츠 그레이시민트에 검은 슬랙스랑도 잘 어울리고 코트 속에 입어도 편하고 좋습니다. 
쌀쌀한 저녁에 입기도 좋고 실내에서 편하게 입고 있을 수도 있어요.
단추를 잠가 입어도 이쁘고 풀고 입어도 이뻐요.

사이즈표 보면서 자켓 어깨가 넓은가? 싶었는데... 제가 팔뚝 둘레가 30cm이거든요. 살 튀어나온 데까지 어깨선이 나와있고  팔라인을 일자로 떨어트려주니까 팔뚝살 부각 없이 날씬해보여 좋아요! 끼는 데 없이 편하고 좋네요

이번에 슬로우앤드에서 잔뜩 샀는데 완전 만족! 대만족!!"
53,he** ,22.09.13,"팔목 부분 팔통을 대체 왜 이렇게만들었는지 이해가..
너무 길고 이상해서 꼭 접어서 입어야할듯…
컬러는 흔한 베이지 아니여서 맘에듭니다.
두께감도 있어서 아직 못입고 나가는데 잘 입어지길.. ㅠ
재질은 제 기준 그리 고급진 느낌은 모르겠어요 
다른 자투리 원단으로 만든 느낌이랄까..?"
54,01** ,22.04.20,"슬로우앤드 알게된지 얼마 안됐는데 옷 퀄리티가 너무 좋아서 지금 엄청 많이 사고있어요.. ㅋㅋㅋ
거의 슬앤 홀릭됐어요
자체제작 많아서 너무 좋아요 !! 

우선 이 자켓은 진짜 흔하지 않은 색상이라 소장가치있구요 옷 입으면 디게 분위기있어보여요
슬앤에서 같이산 투데이데님흑청이랑 같이입었는데 다리도 엄청 길어보이구 날씬해보였어요 ㅋㅋ 
요즘 슬앤에서 산 옷들로 코디하면 주위사람들이 다 다리길어보인다고그래요 ㅋㅋㅋ넘나좋음

자켓은 좀 두꺼운편이라 이제 얼마 못입고 넣어놔야겠지만 가을부터 진짜 뽕빼고 입을거같아용 ㅋㅋㅋㅋ
5월 중순까지는 입어도될것같습니다 !! 
저는 가슴이 큰편이라그런지 풀어서 입는게 훨이뻤어요
재질 정말 탄탄하구요~~ 
밖에 주머니가 없는게 좀 적응이 안되지만 그래서 더 깔끔한핏 나오는것같아요 ! 안쪽에 주머니있어서 불편함은 없습니당 ㅎㅎㅎ 크롭이라 어차피 주머니에 손 넣지도 못할거같아요 ! 
그렇다고 너무 크롭은 또 싫은데 세미크롭 느낌이라 좋았어요
팔 소매부분도 오픈되는 리얼단추라 너무조아요
단추색깔도 자켓색상이랑 찰떡 🤍
이런 이쁜옷 앞으로도 마니마니 팔아주세요🧡🧡"
55,ln** ,23.09.07,"170/76 오버핏 맞습니다 ㅋㅋ 지금보다 좀 더 가을이 오면 안에 티입고 가볍게 입기 좋을거 같아요!! 색상이 딱 추울때 입는 색상입니다 너무 많이 구겨져서 와서 그게
아쉬워요 ㅠㅠ 집에 스팀다리미가 없어서 어떻게 해야하나 고민입니다"
56,sl** ,23.07.14,단정하게 걸칠 수 있는 자켓 찾다가 몸에 딱 맞는 옷은 또 싫어하는지라 구입했는데 아주 좋아요. 아마 잠그고 다니진 않을 거 같고 통통한 사람에게도 오버핏으로 착용되는 아주 넉넉함을 자랑하네요. 소매는 걷어서 입어야 할 거 같고 어깨에 패드가 있어 더 어깨가 넓어보이긴 하지만 오히려 어깨를 잡아줘서 마냥 부해보이진 않는 거 같아요. 지금은 여름인지라 못입고 나머지 계절에 색상이 또 검정이라 여기저기 잘 입고 다닐 수 있을 거 같네요!
57,pr** ,23.03.30,배송이 생각보다 늦게 오지만 옷은 만족스러워요~ 색깔이 너무 이쁘고 재질도 괜찮은 거 같아요. 조금 루즈피트 느낌이라 편하게 입고 다닐 수 있을 거 같아서 좋아요~! 가격이 비해 아주 괜찮습니다! 강추입니다~~
58,go** ,23.03.11,옷이 생각보다 가볍고 재질이 부드러워요.길이감도 엉덩이를 살짝덮고 디자인이 세련돼서 좋았어요.핏이 일단 부해보이지 않아요.제가 66사이즈 입는데 정 사이즈에요.하의를 어떤거를 받쳐입어도 부담없는 스타일. 강추! 가격!
59,yu** ,23.03.10,"구매평이 좋아서 괜찮다 싶어 구매했어요
많이 구겨져서 오지않아서 바로 입어도 될것 같아요
봄에 원피스랑 입어도 이쁘고 정장.청바지 다 잘어울릴것
같네요! 66사이즈인데 예쁜 오버핏으로 잘 맞아요"
60,fh** ,23.09.17,라이트옐로우랑 그냥옐로우랑 차이점이 컬러감이 아니라 두께감 차이더라구요! 저는 브라운슬랙스에 매치하려고 라이트옐로우 구매했는데 약간만 더 추워지면 입기 딱 좋은 봄가을 자켓이예요! 컬러감도 너무 예쁘고 득템했습니다ㅋㅋ
61,sa** ,23.08.23,"너무 귀여운 핑크 트위드 자켓이다
173, 62 인데 완전 오버핏으로 입고 싶어 100사이즈 선택
색감도 연한 핑크색이라 너무 귀엽구 두께는 적당한 편이다 디자인도 깔끔하고 핏도 예뻐서 가을에 바지랑 치마랑도 매치해서 자주 입을 것 같다


”제품을 제공받아 작성한 솔직한 후기입니다“"
62,th** ,23.08.23,"이번 가을 준비는 미쏘에서 해봤는데 특히나 이 자켓이 가장 마음에 들었어요! 고퀄리티에 괜찮은 가격으로 가성비와 가심비 모두 잡은 상품이였구 화면에서 보는 상품의 느낌 이미지 컬러 디자인이 모두 동일해서 생각했던 옷 그대로 배송받아서 직접 보고 산것 같았어요! 단추 하나하나에도 깔끔한 마감으로 더욱 높은 퀄리티를 느낄 수 있었습니다!

#협찬 #미쏘 #MIXXO #MIWJKD31PG #미쏘트위드 #미쏘트위드자켓 #시티룩  "
63,th** ,23.11.05,"가을 나들이 잘 즐기다왔어요 나름 따뜻하긴한데 딱 가을 봄용인듯하고 겨울엔 좀 추울것같아요 
남자친구도 보자마자 아우터 예쁘다고 칭찬 해주더라구요  퀄리티는 백화점입점 상품답게 마감이나 재질 탄탄해요 구매후 실밥정리안한 옷 몇 안 되는데 그 중 하나에요"
64,12** ,23.11.04,"왼쪽은 그냥 카메라로 찍었을때 색감. 오른쪽은 실제 옷 색상과 가장 비슷한 색상이라 다시 찍었어요~! 실제보면 오른쪽보다 훨씬 채도높고 뽀용~한 라이트핑크색상입니다!! 받자마자 넘 예뻐서 입고 놀러나가고싶은 옷이네요ㅡ 저는 딱 핏되게 입고 싶어서 160에 53. S사이즈 샀는데 니트는 못입겠더라구요ㅡ 좀두꺼운 니트입고 입으려면 M이나 L사이즈 사야될듯요. 쿨톤이라 아이보리랑 라이트핑크중 고민했는데..하아. 2가지 다 사고싶어졌네용ㅎ 쿠폰할인에 마일리지. 적립금 +하나카드 할인까지 57,000원에 샀는데ㅡ 완전 만족합니다 ~!!^^"
65,jy** ,20.10.25,"남자친구랑 커플로 입으려고 샀습니다 제가 데쥬에서 옷을 자주 사는데 전에 자켓을 샀다가 하자 있는게 와서 이번에 주문넣자마자 문의드렸더니 배송도 4일만에 오고 하자 없이 완벽하게 왔습니다 :)
남자친구는 남녀공용으로 샀고 저는 키가 작아서 이 자켓으로 입으면 너무 할아버지 정장 입은 것 같아 보일 것 같아서 일반핏으로 샀습니다! 
자켓은 저렴한 가격에 비해 전혀 이 가격으로 산 것 같지 않다는 것이 장점입니다:->
하지만 잘 구겨진다는거 명심하세용 착샷 같이 올려요 구매하세여 ~~~!"
66,11** ,20.10.25,"1. 가격에 비해 퀄리티 굉장히 좋은 편이나 역시 싼티가 좀 남
2. 색감 핏 화면이랑 같음(내 체형에 오버핏 딱 맞음)
3. 이거랑 세트인 슬랙스 안 사는 걸 추천함(슬랙스랑 따로따로 입는 게 더 예쁨) 진짜 사고 싶으면 자켓만 사세요
4. 배송 개 느림 2주 하고도 3,4일? 걸렸음 슬랙스는 일찍 오고 자켓은 위처럼 와서 슬랙스 맘에 안 드는데 반품할 시기 놓침"
67,th** ,21.03.12,"배송 : 주말 포함 8일만에 도착
장점 :
1. 가격이 저렴하고 가성비가 좋은 편
2. 저렴한 가격에 비해 재질이나 마감도 괜찮음
3. 색감이 너무 밝지 않아 무난하게 매치가 잘됨

단점 : 
1. 10대들이 입기에는 좋겠지만 20대 중반부터는 싼티가 남(딱 그 가격으로 보임)
2. 체구가 작음에도 오버핏이라기보단 기장만 긴 감이 있음
3. 어깨뽕이 없어서 정장류 특유의 각이 살지 않지 않음

기타 : 결과적으로 말하면 빈티지한 힙함을 표현하기엔 좋으나 단정한 복장으로의 표현은 못함"
68,th** ,21.02.09,"ㅠㅜ 대 만 족 170 50후
딱 이런 핏 찾고있았는데 사길 고민한 제가 후회스럽습니다..ㅠ 빨리 살걸 짱예뻐요 실제보다 말라보여요ㅠㅠ 팔뚝살커버되고 몸통이 그냥 전체적으로 얇아보여서 대 만 족"
69,ol** ,22.11.21,사진만 봐도 너무 사랑스럽지 않나요🥺 착용감도 편하고 세트와 롱부츠의 조합이 기대 이상이에요- 팔은 접어입으면 이쁘고 어깨뽕도 적당이 들어가있어서 외소한 분들이 보완하시기에 좋은 핏이에요:) 엉덩이 덮는 기장으로 여러 핏을 연출할 수 있어요!
70,kb** ,23.10.25,"진짜 실물 깡패!!!
얇기 정도가 딱 지금 입기에 정말 좋은 것 같아요!
원단도 퀄리티가 있으며 츄리닝, 청바지 등 구애 받지 않고 휘뚜루마뚜루 잘 입을 수 있는 옷이에요!
생각보다 옷이 많이 크지만 예뻐서 입을 수밖에 없는 그런,,ㅎ
153인 저에게 이 정도의 핏이니 참고 해주세용🫶
스트링으로 쪼일 수 있어서 그때그때 옷에 따라 코디 할 수 있어 더욱 추천!"
71,ss** ,21.10.21,"(사진에서 검은색으로 빗금친 부분은 제 에코백임다,,, 옷이랑 색깔이 비슷해서 옷으로 착각하실까봐! ㅎㅎ)

색상은 모델, 상세컷이랑 완전 똑같구, 크기는 생각보다 더 커요! (제가 워낙 왜소해서,,,🥲)
근데 이제 날씨 추워져서 안에 많이 껴입거나 두꺼운 니트 입고 이거 입으면 딱 알맞고 이쁘더라구요!
두께는 정말 얇아서 추위 막음용으로는 불가할 것 같습니당❕❕
하지만 정말정말 예뻐요ㅠㅠㅠ

밑에 주름지게 입으면 더 예뻐서 스트링을 주욱 땡겨서 입었는데, 저렇게 튀어나온 부분은 어떻게 해야할지 고민중,,, ㅎㅎ😜"
72,ca** ,21.11.01,"한 겹만 입기엔 넘 춥고,, 아직 너무 두꺼운 아우터는 좀 아닌 것 같은 바로 지금 낮에만 적당히 입기 괜찮아요
솔직히 질은 별로입니다 엄청 잘 구겨지구요, 얇아서 예쁜 각 잡기 어렵구요 길이 어정쩡하고 줄 당겨서 모양 잡아도 꽤 이상한 모양인데다 지퍼 디테일이 상당히 별로입니다. 그래도 그냥 휘뚜루마뚜루 입기에 나쁘지 않았습니다. 재구매는 절대 하지 않을 듯하네요"
73,rl** ,23.11.11,"받고 입었을때 사실 너무너무 커서 놀랬음
거의 상의 m 짜리 입는데 XL가 온 느낌?
근데 안에 후드옷 입고 밑에 허리쪽 줄 당기니깐 너무너무 이쁜 핏이 나왔어요 엉둥이 가운데까지 가려줌
(뱃살짱짱하게 가려줌 ㅋㅋ)
착용감은 편하고 디자인도 화면이랑 똑같아소 맘에 듭미다!!!"
74,ch** ,23.11.02,"핏이 여리여리해보이고 너무 이뻐요 
재질이 면이긴 하지만 생각보다 주름이 막 생기진 않아요
다만 아쉬운 점은 자크가 조금 저렴해보입니다
그래도 가볍게 걸치기도 좋고 배송도 빨랐어요
중딩딸이랑 같이 입고 너무 좋습니다
"
75,hu** ,22.11.23,이런 코트는 다 어깨장군되나봐요 근데 퀄도 좋고 제가 그냥 미쏘 이런데서 산거는 입으면 어깨 너무 아파서 담걸릴정도라 못입었눈데 이건 편해요 색도 이쁘고 잘 입을 것 같아요 한겨울은 좀 힘들듯요?!
76,dy** ,22.11.21,후기에서 좀 크단 말이 있어서 어떨까 궁금했는데 제가 키가 있어서 그런지 너무 이쁘게 잘 맞았어용 두께도 두껍고 질도 좋아서 한겨울 돼도 안에 껴입고 다니면 좋을 거 같아용 완전 이뻐요 최고😻
77,su** ,23.10.31,구석구석 탄탄하네요. 입고 움직일 때 생기는 어깨부분의 주름이 예쁘고 자연스러워서 마음에 들어요.   두툼해서 따뜻할 것 같아요. 자켓 안이 넉넉지는 않아서 얇은 니트 입고 걸쳐주려구요
78,rh** ,23.10.31,"작년에 사려고 장바구니에 담아두었다가 고민하다가
지인이 입으 모습 보고 
차콜 주문하려고 했는데 작년에 품절되다가 못사고
이번에 입고가 되는 사실을 알고
바로 주문했어요
생각한대로 너무 예쁘네요 
퀄리티 마음에 들고 핏도 잘 빠져서 너무 예뻐요 
자켓보다는 코트에 가까운 재질이라 초겨울까지 
거뜬하게 입어도 될거같아요
후회 없어요!!"
79,dl** ,23.10.27,"

상자에 잘 포장돼서 왔구 체구가 작은 편인데도 
심한 오버핏도 아니였고 딱 예쁘게 맞았어요!

퀄이 막 와 엄청 좋다!!!! 이정도는 아니고 가격대비 괜찮은 것 같아요! 단추 부분이 좀 우는 경향이 있고
내부 포켓이 있었으면 참 좋았을텐데 아쉬워요

그리고 맡기 싫은 냄새는 아닌데 공장냄새인듯한 냄새가 나서 섬유탈취제 뿌려두고 밖에 내놨어요
냄새빠지는건 좀 기다려봐야 알듯함

그래도 좀 더 추워지면 머플러, 장갑 등 겨울 악세서리와 잘 어울릴 것 같은 디자인에 여기저기 잘 어울릴 것 같고 출근룩으로 무난해서 손이 많이 갈둣합니다

작년부터 하도 유명해서 기다렸다가 후기 대충 보고 그냥 사보자 하고 샀는데 꽤 만족스럽네용~~

"
80,k_** ,21.03.25,"4월 초 주말에 결혼식 갈 일이 급 생겨서 주문했는데, 하루만에 와서 너무 놀랬아요! 근데 주문하고 리뷰를 더 읽어보니 55사이즈 분들밖에 없더라구요ㅠㅠ
저는 159/56키로 66사이즈만 입을 수 있는 사람이라 조마조마 했는데! 생각보다 잘 맞아요ㅎㅎ대신 자켓을 잠궈 입으니 퉁퉁해보이긴 해요~그리고 처음 입어보고 어깨뽕은 놀라긴 했는데ㅋㅋ오히려 어깨뽕이 뽝 하고 들어가있으니 둥그런 팔뚝 라인이 가려져서 날씬해보입니다~몇번 입어봐야 퀄리티는 알 수 있지만 너무 만족스러워요"
81,ju** ,21.03.11,"자켓을 딱 만졌을때 살짝 도톰한 감이 느껴져요 많이 얇진않네요!! 딱 정석 블랙이고 팔은 길어요 그리고 어깨,, 가 다른 리뷰들에서처럼 살짝 커요 그래서 쬐끔 부담스러운 느낌이 있어요,, 근데 머리로 대충 가리고 ㅋㅋ 깔끔하게입기 좋네요! 안에 이너를 좀 파인걸 입으면 더 이쁜것같아요 ㅎㅎ"
82,ej** ,23.04.26,"포장 깔끔하게 와서 너무 마음에 들었어요
입었을 때 어깨가 각이져서 잠궈서 입으면 
너무 어깨가 각져서 단추를 잠그지 않고
풀어서 입을 때 예뻐요! 제 몸이 듬직해서 그런지
모델과 분위기는 좀 다르지만 질도 괜찮고
디자인도 깔끔해서 마음에 들어요"
83,be** ,23.03.30,"말모.. 블랙 너무 잘 입고 있어서 올라오자마자 구매했는데 넘 예뿌네요 ..🤍
외출하고 와서 대충 뜯자마자 입어 본 건데도 예뿌고 누오스 아이보리랑도 찰떡,, 
소재 얇아졌대서 덜 탄탄할까 걱정했는데 퀄리티 그대루 조아요 🥹"
84,dk** ,23.09.21,"어깨랑 팔뚝살 많은 상체발달체형이라 낑기면 어쩌지 했는데 안에 두꺼운 옷은 못입을 것 같긴 하지만 얇은 이너랑 입으면 딱 이쁜핏으로 떨어져서 좋아요
재질은 딱 가격정도의 느낌이었고 두께감은 살짝 도톰한 자켓이어서 코트꺼내기전까지 입으면 좋을 것 같아요"
85,ey** ,23.10.29,"급하게 정장자켓이 필요해서 찾다가 발견했는데 너무 잘산거같아요! 제가 키가 작고 쫌 왜소해서 잘못사면 아빠옷 입은것처럼 보이는데 이거는 길이나 폼이 그냥 박시한느낌으로 잘 맞았어요! 세미정장느낌을 원했는데 딱 그런느낀이어서 좋았고 진짜 길이감이랑 핏이 딱 제가 원하던 느낌이에요! 키 157cm, 몸무게 47kg이니 참고하시면 좋을거같아요"
86,6g** ,23.09.13,"결론: 아주 만족해요!! 베이지 컬러도 재구입 의사 100%

면접에서 입을 정장자켓이 없어서 급하게 주문했어요!!토요일 저녁 8시쯤 주문했고 (당일 밤에 출고됨) 일요일 지나 월요일 오전에 바로 도착했어요!!

와.. 지방인데도 이리 빠른 처리라니 ㅠㅠ 감사합니다🩵
덕분에 무사히 면접 보고왔습니다!

---

옷 재질이나 마감도 너무 좋았어요. 빛에 따라 심하게 유광빛 빤딱한 재질 아니고 고급스러운 재질이에요.
두께감은 얇은 편이나 지금 아침저녁 쌀쌀한 기온에도 입기 좋았고 마감도 깔끔했어요!!

물론 단추에 가벼운 오염이나 실밥이 붙어오는 아쉬움은 있었지만 제거 가능해서 크게 신경 안썼구요.

제 키/몸무게 기준 팔뚝이 약간 여유없다. 싶긴 했으나 정말 그 외로는 몸에 맞춘듯 잘 어우러졌어요!!

어깨패드가 두께감이 있었지만 과하지않게 표시되는 느낌뿐이라 적당했고 길이감도 엉덩이 반 살짝 덮는 기장이라 좋았어요:)

가성비 정말 좋다고 생각하고!
너무 두껍지않은 자켓이 필요하다면 정말 강추드려요!

저는 베이지 컬러로 하나 더 구입할 생각입니다~"
87,xo** ,21.08.29,"일단 재질이 진짜 최고에요
사실 핏이나 다른 건 그냥 그냥 다른 자켓들이랑
별반 다를 바 없는데 재질이 유독 눈에 띄게 고급진 느낌..?? 
다만 품은 너무 크고 이에 반해 팔은 살짝 딱 맞는..? 팔살이 있으면 타이트했을 것 같은 느낌인게 좀 아쉽네오"
88,ji** ,21.05.02,예뻐요 작년 때 구매했었는데 잘 입고 다니다가 잃어버려서 그냥 똑같은걸로 재구매했어용 뭔가 품이나 두께가 달라진거같은 느낌을 받았지만 괜찮아용 가볍게 걸치기에 딱 좋을정도로 얇아요 긋긋
89,38** ,20.04.12,키가 157이라 자켓 잘못입으면 아빠옷 훔쳐입은것같아서 길이는 수선했어요! 자르기 전 길이도 진짜 예쁜데 전 키가 작아서 수선한거구 마감이나 재질 진짜 완벽해요 편하고 ㅠㅠㅠㅠ 핏도 진짜 미쳤어요.. 다들 이거 사시기 바랍니다 .. 이거 사고 나갈곳없어서 일주일동안 바닥에 내팽겨쳐둬서 구겨졌을줄알고 다리려는데 무슨 구김도 하나도 없어요
90,jc** ,21.08.19,"일단 엄청 만족스러워요💗
다들 사이즈를 크케 시킨 분들이 많아서 s를 사야할지 계속 고민하다가 결국 s샀는데 딱 좋아요!!! 길이는 다 똑같다고 써있는데 길이도 저한테 딱 맞네요:)) 딱 엉덩이까지 가려져요!!! 
실밥이 여기저기 많은거 빼고는 엄청 만족스러워요!!
브랜드 퀄리티 더 올리시려면 실밥이랑 마감처리 더 깔끔해지면 진짜 좋을거같아요👏(여기서 별 하나 뺐어요)
색상은 사진과 비슷해보이고 여기저기 매치해서 입기 좋을듯해요!

📦 아 그리고!!! 배송 엄청 빨라요… 휴일에 시켰는데 화요일날 바로왔어요!!"
91,rk** ,21.07.16,"루즈핏으로 입고싶어서 m으로 했는데 더 작은 사이즈했어도 괜찮았을 것 같아요
색상은 완전 백아이보리는 아니고 크림색이 살짝 섞인 색입니다
안이 다 비칠반큼 얇긴하나 소재가 시원한 소재는 아니라 요즘같은 한여름엔 더워요
편하게 입기 좋습니다"
92,uj** ,21.07.11,"평소 55입는데 키가있어서 그런지 여유있게 약간 오버핏으로 예쁘게 입을수있어요
완전 얇아서 찰랑거리는 정돈아니예요
하지만 구김도 잘안가고 안에 박음질이 꼼꼼해서 더 만족스럽네요
어깨패드 걱정했는데 오히려 핏 잡아주는거 같아서 맘에들어용"
93,ds** ,21.07.08,"170/73이고 살이 급쪄서 77로 입는 상비에 엄청난 어깡입니다...
자켓은 오프에서만 사다가 급하게 약속이 잡혀서 직진배송으로 반팔자켓 사게 됬는데 생각보다 실물 착용샷 되게 이뻐요!! 검정이라 유행도 안 타고 괜찮은 것 같아용
그리고 다들 리뷰에 어깨패드 때문에 다들 어깨가 엄청 넓어보이신다고 하셨는데 저는 진짜 떡대가 엄청나서 그런지 어깨가 딱 맞네요..ㅠㅠ
혹시 저 같은 체형 가지신 분들은 걱정말고 바로 L로 사시면 됩니다!ㅎㅎ
그리고 어깨패드 너무 티나요
근데 진짜 제가 집에서 입는 옷 위에 입어서 그렇지  실제로 보면 진짜 이뻐용 저는 모델분 처럼 널널한 핏이 아니라 딱 맞는(?) 핏인데도 맘에 들고 예쁩니다ㅇㅇ
그리고 사진에서 보시다시피 저한테는 기장감 좀 애매해요"
94,mi** ,21.07.01,오자마자 잠옷 위에 입어본 ^^.. 단추부분이랑 옷 여미는 부분이 살짝 마감이 덜 되어있었고 배 부분 옷에 검은색으로 뭐가 묻어있더라구요 ㅠ 새옷 냄새도 확실히 많이 나고 어깨 뽕이 진짜 .. 뽕실하더라구요 ㅋㅋㅋㅋ 근데 전 그렇게 심하다고는 생각 안들어서 그냥 입으려구요! 배송도 진짜 빨리와서 만족입니다 ㅎㅎ
95,go** ,20.05.18,제가 요즘샀던옷중에 제일 사랑하고 뿌듯한옷이예요 질감도 나쁘지않거 핏도이뻐요 재질은 너무 좋아요 근데 77~88입으시는분들 한사이즈 작게사셔도 괜찮을듯해요 오히려 킨거사니깐 약간 어깨가 넓어보여요
96,ye** ,23.03.27,옷이 가볍고 원하던핏이라서 너무 좋아요 ㅜ ㅜ 길이도 맘에들어요 ! 개개인마다 원하는 핏이 있겠지만 저는 약간 딱붙는거보다 오버핏 그대로 원했던건데 진짜 오버핏이에요! ( 이상한 큰옷입은 느낌 X )
97,su** ,22.09.23,예전에 모카 색상도 구매했었는데 데일리로 입기 편해서 블랙도 하나 구매했어요! 딱 제가 원하는 오버핏이고 주름도 많이 지지 않아서 좋아요. 아무데나 휘뚜루 마뚜루 입기 좋습니다! 편해요.
98,wl** ,21.09.02,170센치인데 겁나 커요ㅋㅋㅋ 아빠꺼 입는듯한 느낌은 그래도 안나서 다행이고 두께는 생각보다 얇은편? 초가을 즈음에만 입을 수 있을거같네여! 그리고 모카모카 라기보단 뭔가 초록색이 약간 아주약간 섞인 색이에여 그래도 전체적으로 마음에 들어서 걍 입을라구여
99,wl** ,21.05.17,어깨가 많이 넓고 팔이 긴 편이라 사이즈1을 시키기엔 영 불안해서 2로 시켰는데 팔이 좀 짧긴 하지만 만족했어요!! 워낙 크게 나와서 부하게 보이는 것 같긴 하지만 그래도 착용감이랑 옷감 상태 좋았습니다:) 자켓 입고 주변 반응도 매우 좋아서 기분 좋게 입고 여행 다녀왔습니다~
100,dm** ,23.09.26,"화면이랑 다른 옷인거 같아요
화면은 뒷트임이 없고 원단도 뭔가 차르르한 느낌이던데..
두께도 생각보다 있고 , 길이도 좀더 길었음 좋았을거 같아여
생각한거랑 달르지만 그래도 핏도 이쁘고 나쁘지 않네요
연휴때 입을거라 나름 만족하고 입으려구여
"
101,mo** ,22.10.13,"추석 세일때 3.2에 샀습니다. 그 당시에도 후기가 좋아서 후기들 믿고 샀어요. 가격이 왜 저렇게 싼가 했는데, 타 브랜드 자켓에 비해 옷감의 밀도가 낮아서 주름이 꽤 남는 소재입니다. 재질이 썩 좋은 편은 아니지만, 스팀 다리미로 다리면 주름은 잘 없어져요. 단추가 쇠뿔 단추가 아닌 플라스틱입니다. 하지만 양쪽 주머니 모두 실제 주머니이고, 가슴 안 쪽에도 포켓 있습니다. 원단이랑 부자재에서 원가 절감을 하면서 핏이나 만듦새는 퀄리티가 그럭저럭 괜찮습니다. 가성비 좋아요.
어깨뽕이 좀 두툼해서 아빠 양복 자켓 핏이지만, 요즘 오버핏이 꾸준히 유행이라 만족합니다. 크게 입는게 처음엔 어색해도 실루엣만 잘 잡으면 괜찮더라구영
전 챠콜 구매했는데, 자연광 밑에서 보면 초록빛이 도는 진회색이에요. 초록빛이 살짝 나서 빈티지한 코디와 잘 어울립니다. 산 이후로 일주일에 한 번씩은 꼭 입는 것 같아요.
살까말까 고민하신다면, 세일할 때!! 구매하시는 것으로 추천드려요. 6만원 퀄리티는 아니고 세일가에 사면 딱 적당한 퀄리티 같습니다ㅎㅎ"
102,je** ,22.09.22,"저는 솔직히 아우터는 비싼거 입어야한다 주의라서 웬만하면 이런 쇼핑몰에서 자켓은 잘 안사는 사람입니다. 근데 솔직히 놀라고 괜찮은 부분이 많아서 이렇게 후기를 남겨요! 결론적으로 다른 색 재구매 의사 있습니다.

색상 : 전반적으로 쿨톤에게 적합한 노란끼 적고 회끼도는 베이지 색 입니다! 생각보다 어둡다는 후기가 회끼가 돌아서 있는 것 같아요:)

핏 : 55-66에게는 적당한 오버핏인 것 같습니다! 너무 몸이 왜소하신 44정도의 분들은 많이 클 것 같아요. 팔뚝살이 많은 저인데 팔뚝이 널널하게 잘 맞아요. 어깨에 패드가 들어가있어서 어깡으로 보이는 느낌은 좀 있는데, 오버핏이라는 점에서 어깡으로 보이는 느낌은 당연한 느낌인 것 같습니다 :)

퀄리티 : 물론 다른 10만원대 이상의 자켓과는 비교할 수 없겠지만, 10만원 미만의 자켓 중에서는 최고인 것 같습니다. 일단 자켓에서 제일 중요한 카라부분이 확실하게 눌려있고, 대칭도 잘 맞았어요. 무엇보다 자켓에 텍이 옷핀으로 달려있는 점, 자켓 안쪽 주머니가 있고 잘 디자인 되어있다는 점이 좋은 것 같습니다."
103,ha** ,22.09.22,가격도 저렴하고 베이지 자켓도 없어서 구매해봤는데 대대만족입니다 .. 🫶🏻 완전 기본에 살짝 오버핏이라 핏도 너무 예쁘구 탄탄하니 재질도 좋아용 검은색도 하나 살까 고민중입니드 다들 주저말고 구매가세용
104,th** ,22.09.14,"후기보고 고민도 안하고 시켰는데 너무 좋네요...
너는 어깨가 좁아서 어깨패드 들어간 옷을 좋아하는데 이거 최고에요 ㅜㅜ 다만 제가 샀을때는 세일을 많이해서 3만원 중반대얐는데 조금 비싸졌네여 하지만 퀄리티가 좋으니까 차콜도 시키러가겠습니다"
105,sy** ,23.11.09,"체구가 작고 어깨도 많이 좁은 편이라서
핏이 딱맞게 떨어지진않아요~ 팔도 조금 길어서
반품할까 조금 고민했는데, 약간 두께있는 옷이랑 같이 입으면 괜찮을것같기도하고
정안되면 팔길이 조금 수선해서 입으면될것같아요
어차피 핏 딱맞는 옷도 찾기가 힘들어서욥 

사이즈 말고는 다 괜찮아요
옷 질감?이나 마감, 입었을때 까슬거리지도 않고요~
가격생각했을때 좋은 옷인것같습니다~!"
106,lm** ,23.11.06,가격이 저렴한 편은 아니라 고민 진짜 많이 했는데 이 마음으로 다른 거 사기도 싫어서 쿠폰 있을 때 얼른 구매했습니당!!! 결론은 대만족이에요. 어깨가 넓은 편이라 너무 오버핏은 부담스럽고 너무 슬림핏은 또 제가 원하는 게 아니었는데 딱 제가 생각하던 그 자켓이에요. 색도 넘 예쁩니당 ㅠㅠ 추천할게요
107,1t** ,23.11.14,"자켓 자체가 탄탄하진 않습니당 목에닿는 부분도 까슬거려서 저녁되면 좀 쓸린것같이 아팠어요
근데. 색이 진쟈 이뻐요.,,, 완전 가을 그 잡채   단풍구경하러가기엔 딱이었습니다"
108,fu** ,23.11.08,"내가 찾던 기장이에요~ 키가 큰편이 아니라 딱 이정도 기장 원했는데 디자인은 너무 이뻐요 다만 처음에 입고 있을때 목이 좀 까끌까끌? 간지러워요~ 
원다는 soso 디자인은 100맘에 들어여"
109,ha** ,23.11.05,"결혼식이 있기도 하지만 너무 이뻐서 구매했어용 ㅎㅎ 키가 작아서 집에있는 70정도 되는 길이의 자켓을 입어보고 던져놨는데 이건 딱 만족스러운 길이였어요! 더 짧았다면 추웠을 것 같고 더길었다면 다리가 짧은 핏으로 나왔을텐데 여러모로 디자인, 핏 다 맘에 드는 제품이라서 카키도 쟁여야하나 고민이 많이 되는데 잘입을 것 같아서 구매하려고요~! 이쁘게 잘입을께요~^^"
110,yu** ,21.04.21,플리츠스커트랑 세트로 입고싶어서 산건데 왜 이제야 샀는지 참 후기보니까 옷걸이랑 같이온다해서 신기했는데 진짜 옷걸이에 딱 예쁘게 와서 한 번 더 반했어요ㅠㅠ 블랙업에서 옷 처음사보는데 다음에 또 구매할거같아요 질도 진짜 좋고 어깨뽕이 있어서 살짝 어깡느낌나지만 어떡해요ㅠㅠ 넘 예뿐걸요?? 만드신분 들숨에 재력 날숨에 건강얻으세요:)
111,yu** ,21.03.14,"셋업으로 구매했는데
자켓이 딱 이뻐요!!
보통 제 체구에 다른 크롭자켓 사면 애매하게 크고 그래서 반품하는 경우가 많았는데 블랙업껀 정말 잘 맞고 이쁘네요퓨ㅠㅠ
색상도 잘빠졌습니당
세트로 구매하시는 거 추천드려요!"
112,ha** ,21.02.15,길이도 딱 원하는데로 딱 떨어져서 진짜 마음에 들어요! 재질이 살짝 얇은감이 있나 했는데 입어보면 얇다는 생각이 안나고 부드럽고 좋습니다.  곧 봄이 오는데 입기 딱 적당한것 같아요ㅎㅎ 어깨에 패드까지 있어서 핏도 예쁩니다~
113,wj** ,21.01.13,"어깨뽕이 너무 과하지 않을까 생각했는데 하나도 과하지않았고 핏이 너무 예뻤어요 특별한 날 입었는데 진짜 분위기 바로 압살해버리는 그런 느낌이에요 엄청 고민하면서 샀는데 왜그랬나 싶어요 살짝 얇지만 실내에서 입은거라 아무렇지 않았숩니당  ◡̈ 그리고 크롭이여서
되게 허리도 잘록해보이고 정장룩이지만 세상 힙해요"
114,ks** ,21.09.25,"롤리 셋업 수트 사고 싶은데 도미닉 슬랙스가 이미 있으신분들!!!!
롤리 슬랙스가 짧을까 봐/길까 봐 도미닉 슬랙스 사려는 분들!!!!

롤리랑 도미닉 원단 똑같습니다
다르더라도 육안으로 구분 안될 정도로 비슷해요
셋업으로 입어도 전~~~혀 티나지 않아요
(두번째 사진 참고)

원단은 챠르르 떨어지는 느낌이고 힘 있는 아우터 자켓 원단이 아니에요 흐물거리는 느낌은 3-4번 사진 참고하세용

봄 여름 가을에 잘 입을 것 같구 겨울엔 추울 듯합니다!
일단 바지가 꽤 얇아서…

착용감은 나시랑 입어도 산뜻하게 입을 수 있는 정도입니다 좋아요 굿굿"
115,ru** ,22.10.04,"배송 : 후기에 다 느리다고했는데 저는 바로 배송 시작해서 하루만에 와서 좋았어요

퀄리티 : 6만원대 가격의 옷인데 마감이 정말 실망스러워요. 마감이 두군데가 사진처럼 되어있어서 문의했더니 일단 회수해서 확인하고 불량이 아니면 제가 배송비 부담해야된다고하더라구요.  마감이 사진처럼 되어있어도 정상제품이라고 하면 제가 배송비 내야하니 걍 입으려구요....ㅋㅋㅋ
싼 값도 아니고 신경 좀 써주시면 좋을 것 같아요.
(정상으로 마감된 부분이랑 비교하면 정말 차이가 많이나요..)

사이즈 : 160 / 48 기준 넉넉하고 핏이 딱 좋아요 가을이나 봄에 입기 좋을 것 같아요. 사진처럼 길이는 엉덩이 반절은 안가리는 정도예요. 
옷 끝부분?이라고해야하나 그부분 줄 쪼여서 입으면 더 핏이 예뻐서 좋아요 

지퍼 : 저는 지퍼 아무렇지도않았어요! 올리고 내리는것도 크게 걸리는거 없었어요

마감처리만 아니였다면 별 다섯개!!!인데...
가격대있는데 마감이 이런식이라 매우실망해서 별 하나 깎았어요."
116,me** ,22.05.04,"인기제품이라 이곳 구매상품 3개중 가장 마지막에 왔어요ㅠ 난쟁이에겐 소화하기 쉽지 않더만요.. 지퍼를 올리면 자칫 회사원 아부지 st, 소매도 길고.. 아쉽고 슬픈 건 옷걸이인 저이겠지요.. 그래도 옷은 마감도 깔끔하고 옷걸이와 비닐에 덮여서 고급지게 와용! 퀼리티에 감탄하고 다음에는 찰떡 제품을 찾아보겠어요"
117,gu** ,22.04.07,"3/14 구매 - 4/5 배송완료
진짜 배송은... 날씨가 막은 구매취소입니다. 아직 저것만 입기엔 추울 것 같아서 냅뒀는데 날씨에 얼추 맞춰서 도착했어요.
기다리는 동안 다른 분들의 후기가 제 마음을 달래줬어요. 고맙습니다.. 기다릴 가치가 있나 의심될 때 후기 많이 봤어요.
신기한 옷이에요. 박스 열었는데 너무나 간장공장 공장장 같아서 우짜냐 싶었는데 막상 입으니까 예쁘네요..? 물론 멋없이 지퍼 다 잠그면 찐공장장됩니다. 엄마가 공장장님이라고 부르셔요.. 근데 예뻐요 희한..
별 하나뺀 건 아무래도 배송기간이 좀 하.. 인내심 많으신 분들, 타오바오나 알리 익스프레스로 물건 많이 주문해보신 분들에게 추천드려요."
118,no** ,22.03.12,"블루종은 처음 구매해봐서 저한테 별로일까봐 고민했었는데요. 입자마자 너무 잘샀다고 생각했어요!!
퀄리티에 가격도 괜찮은거같아요. 딱 지금 날씨에 입기 좋았어요!! 
다만 아쉬운부분은 지퍼가 원활하게 움직이지 않는다는 점이에요ㅜ 그래도 어찌어찌 잘하면 되긴합니다!"
119,ly** ,22.03.11,"지퍼가 어려우신 분들을 위해 후기 남깁니다.
저도 자꾸 지퍼가 안돼서 혼자 30분정도 끙끙대면서 눈물 머금고 반품하려다가 깨우쳤어요.

첫 번째 사진 지퍼 맨 아랫부분, 제가 연두색으로 칠한 부분 보이시죠?
저 상태인 채로 지퍼 잠그려고 하시면 30분이 돼도 못잠그실거에요 그리고 불량이라고 판단하고 반품신청 하실 수도 있어요 (제가 그랬거든요..)

두 번째 사진처럼 완전 밑 끝까지 지퍼를 싹! 정렬시킨 다음에 잠궈야 부드럽게 올라갑니다.
이렇게 퀄리티 좋고 예쁜 옷을 지퍼때문에 포기해야하나 하고 슬퍼하다가 지금 광명찾고 바로 리뷰 남겨요.

옷 정말 너어무 너무 너무 예뻐요ㅠㅠㅠㅠ
적당히 루즈한 핏이라 이너에 따라 되게 폭넓게 활용될 것 같아요!"
120,do** ,21.12.25,"핏도 예쁘고 길이랑 색도 딱 생각한대로에요
숏코트가 다들 너무 긴것만 있어서 크롭기장 찾다가 얘로 샀는데 좋아요 누빔 추가했는데도 얇아서 요즘 날씨엔 무리ㅜㅜ
다 좋은데 주머니없어서 손시렵고.. 목부분이 너무 억세고 따가워요
그리고!!! 입고 나가서 보니까 손목 딱 보이는부분에 저렇게 오염이 있더라구요 볼펜인지 뭔지..
잠궈입어도 예쁜데 그 사이가 자꾸 벌어져서 단추가 보이긴 합니다"
121,wj** ,21.12.21,"제가 찾던 아방한 핏이라 너무너무 마음에 들어요
옷걸이도 같이 와서 보관하기 좋았고 가격보다 훨씬 퀄리티 있어보여요 단점을 못 찾은 제품👏🏻
컬러는 블랙 같아 보이지만 찐 블랙이랑 비교하면 좀 차이 납니다"
122,22** ,21.11.12,그레이 후기가 없길래 많이!!고민했는데 너무 예뻐요! 포장도 딱 저 상태로 들어있어서 구김 없이 왔고 촉감은 약간 까슬거려요 근데 핏이 진짜 굿 팔통이 여유있지만 몸통쪽은 툭 떨어져서 부해보이지 않아요 키는 158인데 딱 예쁜 크롭기장입니다
123,b_** ,21.11.04,"와아아아아악 진짜 보자마자 꽂혀서 질렀는데 역시 대존예입니다.
저 인쇼 진짜 많이 하는데 아우터 살 때 옷걸이+커버까지 해서 배송 주는 곳 처음 봤어요.. 
거기서 1차 놀랐고 퀄 너무너무 좋아서 2차 놀랐고 입었을 때 핏 너무 예쁘고 귀여워서 3차 놀람
깔별로 쟁여두고싶네요ㅠㅜㅜㅜ"
124,ab** ,20.12.18,귀여워요 안에 안감 있어서 좋네요 앞모습도 예쁜데 이 옷은 옆모습이 맘에 들어요ㅠ호불호갈릴수도 있겠지만 약간 아방하게 붕 뜨는 핏이 개인적으로 이뻐보여욧 색은 어두운 차콜색이라 검정 이너랑 입으면 조화로워요
125,ju** ,21.03.31,"입자마자 감탄했습니당 ㅋㅋ
후기들 말대로 약간 회색느낌난다는 베이지를 너무너무 기대하구 있었어요
배송 지연된다구 문자 받았는데 훨씬 빨리왔네요 기분 좋아요 ㅎㅅㅎ
1. 어깨 부분이 예쁘게 떨어져서 괜히 으쓱으쓱 거리는 내 모습 발견 가능. 뽕이 있는듯 없는듯 느낌
2. 두께도 봄 가을용인것처럼 얇아서 날씬해보이구
3. 주머니도 손 다 들어가서 좋구
4. 잔체크무늬가 진짜 도라방스 넘 예뿜. 색감은 실물갑 기대이상 !
5. 팔 길이도 적당해요 제 팔은 긴편이에요
6. 카라부분도 예뻐요 
7. 엉덩이 거의 다 가리는 길이감. 뒤도 트여있어서 좋음. 꼬리처럼 툭 튀어나오는것도 없음!
봄 자켓 사고싶어서 여기저기서 보다가 결국 맘에 드는거 못찾고 주문,취소를 반복하며 슬퍼하던 와중에 발견한 친구..
이런 자켓을 어떻게 만드신거죠.. 감사합니ㅏ다 정말..☆
후기를 이렇게 정성들여서 쓰는건 처음이네요 마니마니 사세요 여러분 ㅎㅎ 같은 옷 입고 마주치면 슬쩍 윙크해주세여 하하"
126,rl** ,21.03.24,"마르지도 뚱뚱하지도 않은 완벽한 통통한 체형입니다
골격이 크고 어깨는 많이 넓어서 옷고를때 정말 힘든데요ㅠ
이 옷은 진짜 레전드,,,
어깨 사이즈가 딱 맞아서 부각되보이지 않아서 너무 좋고
핏은 넉넉해서 슬림해보입니다ㅠㅠ
사진이 회색빛이 많이 돌게 나왔는데 
쇼핑몰 사진과 똑같게 보시면 될거같아요
통통족들 카몬!!!"
127,mi** ,21.03.14,"옷감을 눈으로볼때는 좀 도톰한 편인거같았는데 실제로는 좀 얇아서 따듯한 봄에 입어야해요!
그리고 제가 제일 좋아하는 색감에 쓰리버튼이라 좋았아요. 제 어깨가 40cm인데 m이 s보다 크다는 리뷰도 있었고 비슷한 제품을 로렌하이 오프라인매장에서 입어봤는데 엄청 고민하다 s시켰네요. 안에 후드티입고 자켓입는것도 고민을 했는데 좀 딱맞는 정도? 그렇다고 우락부락 해보일정도는 아니에요. 제가 운동해서 상체는 말랐는데 어깨만 있는편이라.. 딱하나 아쉬운점은 다른 분 리뷰에서도 봤다시피 어깨뽕을 정리해줘야하는게 좀 아쉬웠어요.. 조금 더 가격내고라도 뽕을 정리 안해도되게 바뀌었으면 좋겠네요! m을 선택안한 이유중 하나가 총장때문이기도 했는데.75는 좀 부담스러운 기장이라.. 제가 높은 신발을 신지않는이상 좀 짱딸막해보이더라구요ㅎ 그래도 너무 만족하는 제품이고 항상 자켓은 여기서만 사요! 제 체형에 잘맞고 원하는 색상이 많아서!! 참, 어깨 뽕도 과하지않아서 너무 좋습니다. 제가 어깨가 있는편이라 보통 뽕이 과한 제품은 못입고 빼거든요.. 제 체형같으신 분들은 잘 고려하셔서 알맞게 선택하시길!! :)
맨마지막 사진 잘 보시면 살짝 울퉁불퉁한데 그게 뽕을 잘 정리안했을때니까 잘 손보시면서 입으세요! 색감은 저거랑 같아여 갈색이랑 많이 섞인 따듯한 느낌! 전 실물보고 반해서 온라인으러 고민한다음 샀어요!"
128,d3** ,20.10.22,"제가 딱 원하는 오버핏 자켓 이네요 !!!
진짜 배송 오래 기다렸는데 ㅠㅠ 
기다린 보람 있네요 ~~
색깔도 어느 옷에나 잘 어울리고 이뻐요 
특히 슬랙스에 잘 어울려요 ㅎㅎ 
다만 팔이 길어서 접어서 입어야 하긴 하네요 
핏이 너무 이뻐서 
데일리템 될거같습니당 ☺️"
129,ty** ,20.04.17,"하,,말이필요없어요 챠콜색자켓이 너무 갖고싶었는데 특유의 패턴이라고해야하나 너무 예뻐서 겟했어요
입었을때 그 느낌이 포근하면서도 약간 시원한? 절대 무겁지안고 너무 좋아요 진짜 감사할정도,,예쁘게 잘입을게요 출근룩으로도 너무좋고 그냥 데이트고나발이고 그냥 다 어울리는 그런 자켓입니다ㅠㅠ
핏 낙낙하니 너무 좋아요 통통하신분들 걱정마세요 저 완전 통통인데 저렇게 핏이 좋아요ㅠㅠ"
